{
	"system" : {
		"platform" : "windows64",
		"os_name" : "Windows 10",
		"os_version" : "10.0"
	},
	"error" : {
		"executable" : "quartus",
		"comment" : "none",
		"error_message" : "Access Violation at 0X00007FF8E208CF59",
		"source_file" : "unknown",
		"line" : "0",
		"stack_trace" : "\t0x7ff8e208cf58: ISD_Tablet + 0x1cf58 (WacomExtHook + 0x1a4cd)\n\t0x7ff8e208fa26: ISD_Tablet + 0x1fa26 (WacomExtHook + 0x1cf9b)\n\t0x7ff8e208c0e7: ISD_Tablet + 0x1c0e7 (WacomExtHook + 0x1965c)\n\t0x7ff8e208c9a7: ISD_Tablet + 0x1c9a7 (WacomExtHook + 0x19f1c)\n\t0x7ff8e208eeee: ISD_Tablet + 0x1eeee (WacomExtHook + 0x1c463)\n\t0x7ff8e20c7638: ISD_Tablet + 0x57638 (WacomExtHook + 0x54bad)\n\t0x7ff985b47033: KERNEL32 + 0x17033 (BaseThreadInitThunk + 0x13)\n\t0x7ff985ce2650: ntdll + 0x52650 (RtlUserThreadStart + 0x20)\n",
		"subsystem" : "unknown"
	},
	"quartus" : {
		"quartus_bits" : "64",
		"version" : "19.1.0",
		"build" : "670",
		"edition" : "Lite Edition"
	}
}